{"cameraMode":{"drawMode":0,"name":"Shaded","section":"Shading Mode"},"sceneLighting":true,"audioPlay":false,"sceneViewState":{"showFog":true,"showMaterialUpdate":false,"showSkybox":true,"showFlares":true,"showImageEffects":true,"showParticleSystems":true,"showVisualEffectGraphs":true,"m_FxEnabled":true},"in2DMode":false,"pivot":{"x":55.376224517822269,"y":7.1446027755737309,"z":20.103506088256837},"rotation":{"x":0.03568389266729355,"y":0.0080891577526927,"z":0.0002633775002323091,"w":-0.9993666410446167},"size":15.876968383789063,"orthographic":false}