{"cameraMode":{"drawMode":0,"name":"Shaded","section":"Shading Mode"},"sceneLighting":true,"audioPlay":false,"sceneViewState":{"showFog":true,"showMaterialUpdate":false,"showSkybox":true,"showFlares":true,"showImageEffects":true,"showParticleSystems":true,"showVisualEffectGraphs":true,"m_FxEnabled":true},"in2DMode":false,"pivot":{"x":115.35133361816406,"y":-2.591125965118408,"z":-3.815499782562256},"rotation":{"x":-0.04229538515210152,"y":-0.012899717316031456,"z":0.0004839854664169252,"w":-0.9990651607513428},"size":12.375128746032715,"orthographic":false}