{"cameraMode":{"drawMode":0,"name":"Shaded","section":"Shading Mode"},"sceneLighting":true,"audioPlay":false,"sceneViewState":{"showFog":true,"showMaterialUpdate":false,"showSkybox":true,"showFlares":true,"showImageEffects":true,"showParticleSystems":true,"showVisualEffectGraphs":true,"m_FxEnabled":true},"in2DMode":false,"pivot":{"x":1.9633593559265137,"y":6.989751815795898,"z":0.654393196105957},"rotation":{"x":-0.021308494731783868,"y":-0.009908335283398629,"z":0.00009139754547504708,"w":-0.9997867345809937},"size":9.508377075195313,"orthographic":false}