{"cameraMode":{"drawMode":0,"name":"Shaded","section":"Shading Mode"},"sceneLighting":true,"audioPlay":false,"sceneViewState":{"showFog":true,"showMaterialUpdate":false,"showSkybox":true,"showFlares":true,"showImageEffects":true,"showParticleSystems":true,"showVisualEffectGraphs":true,"m_FxEnabled":true},"in2DMode":false,"pivot":{"x":27.647098541259767,"y":5.840330600738525,"z":-3.3902602195739748},"rotation":{"x":-0.013808981515467167,"y":0.000590681389439851,"z":-0.0000703166369930841,"w":-0.9999485611915588},"size":21.47452735900879,"orthographic":false}