{"cameraMode":{"drawMode":0,"name":"Shaded","section":"Shading Mode"},"sceneLighting":true,"audioPlay":false,"sceneViewState":{"showFog":true,"showMaterialUpdate":false,"showSkybox":true,"showFlares":true,"showImageEffects":true,"showParticleSystems":true,"showVisualEffectGraphs":true,"m_FxEnabled":true},"in2DMode":false,"pivot":{"x":569.45947265625,"y":343.5992736816406,"z":13.260452270507813},"rotation":{"x":-0.0018091540550813079,"y":-0.0024071033112704756,"z":-0.00009365094592794776,"w":-1.0000498294830323},"size":364.3795166015625,"orthographic":false}