{"cameraMode":{"drawMode":0,"name":"Shaded","section":"Shading Mode"},"sceneLighting":true,"audioPlay":false,"sceneViewState":{"showFog":true,"showMaterialUpdate":false,"showSkybox":true,"showFlares":true,"showImageEffects":true,"showParticleSystems":true,"showVisualEffectGraphs":true,"m_FxEnabled":true},"in2DMode":false,"pivot":{"x":647.96533203125,"y":287.09088134765627,"z":87.69378662109375},"rotation":{"x":-0.0018093311227858067,"y":-0.0069084144197404388,"z":-0.00007682654540985823,"w":-1.000028133392334},"size":396.78021240234377,"orthographic":false}