{"cameraMode":{"drawMode":0,"name":"Shaded","section":"Shading Mode"},"sceneLighting":true,"audioPlay":false,"sceneViewState":{"showFog":true,"showMaterialUpdate":false,"showSkybox":true,"showFlares":true,"showImageEffects":true,"showParticleSystems":true,"showVisualEffectGraphs":true,"m_FxEnabled":true},"in2DMode":false,"pivot":{"x":-66.51775360107422,"y":2.7978367805480959,"z":-1.186833381652832},"rotation":{"x":-0.09166039526462555,"y":-0.021815115585923196,"z":0.0019796290434896948,"w":-0.9955728650093079},"size":10.908201217651368,"orthographic":false}