{"cameraMode":{"drawMode":0,"name":"Shaded","section":"Shading Mode"},"sceneLighting":true,"audioPlay":false,"sceneViewState":{"showFog":true,"showMaterialUpdate":false,"showSkybox":true,"showFlares":true,"showImageEffects":true,"showParticleSystems":true,"showVisualEffectGraphs":true,"m_FxEnabled":true},"in2DMode":false,"pivot":{"x":5.639918327331543,"y":-4.715824604034424,"z":31.86629867553711},"rotation":{"x":-0.06924350559711456,"y":-0.02036411315202713,"z":0.0013414204586297274,"w":-0.9974395632743836},"size":26.458961486816408,"orthographic":false}