{"cameraMode":{"drawMode":0,"name":"Shaded","section":"Shading Mode"},"sceneLighting":true,"audioPlay":false,"sceneViewState":{"showFog":true,"showMaterialUpdate":false,"showSkybox":true,"showFlares":true,"showImageEffects":true,"showParticleSystems":true,"showVisualEffectGraphs":true,"m_FxEnabled":true},"in2DMode":false,"pivot":{"x":62.276580810546878,"y":19.050302505493165,"z":13.404670715332032},"rotation":{"x":-0.08269550651311875,"y":-0.02482830360531807,"z":0.0019629148300737144,"w":-0.996318519115448},"size":20.66676139831543,"orthographic":false}