{"cameraMode":{"drawMode":0,"name":"Shaded","section":"Shading Mode"},"sceneLighting":true,"audioPlay":false,"sceneViewState":{"showFog":true,"showMaterialUpdate":false,"showSkybox":true,"showFlares":true,"showImageEffects":true,"showParticleSystems":true,"showVisualEffectGraphs":true,"m_FxEnabled":true},"in2DMode":false,"pivot":{"x":60.57278823852539,"y":-0.1226816177368164,"z":20.017623901367189},"rotation":{"x":-0.1304405778646469,"y":-0.0023896601051092149,"z":0.00028860708698630333,"w":-0.9914900064468384},"size":17.982345581054689,"orthographic":false}