{"cameraMode":{"drawMode":0,"name":"Shaded","section":"Shading Mode"},"sceneLighting":true,"audioPlay":false,"sceneViewState":{"showFog":true,"showMaterialUpdate":false,"showSkybox":true,"showFlares":true,"showImageEffects":true,"showParticleSystems":true,"showVisualEffectGraphs":true,"m_FxEnabled":true},"in2DMode":false,"pivot":{"x":31.951976776123048,"y":12.061887741088868,"z":-1.7112770080566407},"rotation":{"x":0.08868026733398438,"y":0.02123885042965412,"z":-0.0018091448582708836,"w":0.9959070086479187},"size":2.4188895225524904,"orthographic":false}