{"cameraMode":{"drawMode":0,"name":"Shaded","section":"Shading Mode"},"sceneLighting":true,"audioPlay":false,"sceneViewState":{"showFog":true,"showMaterialUpdate":false,"showSkybox":true,"showFlares":true,"showImageEffects":true,"showParticleSystems":true,"showVisualEffectGraphs":true,"m_FxEnabled":true},"in2DMode":false,"pivot":{"x":-35.89116668701172,"y":10.989864349365235,"z":0.31147968769073489},"rotation":{"x":-0.016807151958346368,"y":-0.0099039226770401,"z":0.00014086127339396626,"w":-0.9998241066932678},"size":14.342301368713379,"orthographic":false}