{"cameraMode":{"drawMode":0,"name":"Shaded","section":"Shading Mode"},"sceneLighting":true,"audioPlay":false,"sceneViewState":{"showFog":true,"showMaterialUpdate":false,"showSkybox":true,"showFlares":true,"showImageEffects":true,"showParticleSystems":true,"showVisualEffectGraphs":true,"m_FxEnabled":true},"in2DMode":false,"pivot":{"x":-31.288400650024415,"y":6.605268478393555,"z":20.182477951049806},"rotation":{"x":-0.12299646437168122,"y":-0.0038730038795620205,"z":0.00048002926632761955,"w":-0.9923996925354004},"size":29.120569229125978,"orthographic":false}